Workbook

Sheet Hoja1
A3: Etiquetas de fila | B3: Cuenta de Código ruta
A4: PAE EL SALVADOR, LTDA. DE C.V. | B4: 17
A5: FLAVIO ANTONIO LAGUAN MARTINEZ | B5: 15
A6: VELARMINO MEJIA GARCIA | B6: 13
A7: LA CONSTANCIA LTDA. DE C.V. | B7: 13
A8: SERGIO ANTONIO GARCIA CORNEJO | B8: 12
A9: CARLOS ANTONIO MARROQUIN SANCHEZ | B9: 11
A10: JUAN CARLOS FLORES GARCIA | B10: 8
A11: PEDRO VASQUEZ MARTINEZ | B11: 8
A12: JUAN ANTONIO FERNANDEZ ALVARADO | B12: 3
A13: Total general | B13: 100 | E13: 108
E14: 86
E15: =E13-E14 -> 22

Sheet Rutas Fijas MAYO
A1: ID Loc | B1: Mes dimensionado | C1: AÑO | D1: Canal | E1: Código SAP Proveedor | F1: Cantidad de personas en ruta | G1: Código ruta | H1: Categoría | I1: Territorio fijo | J1: Estatus | K1: Tipo | L1: Localidad | M1: Transportista
A2: DS00 | B2: 5 | C2: 2026 | D2: LC 1 /PAE 1 | E2: ILC00 | F2: 2 | G2: DS0001 | H2: GC | J2: Activada | K2: No Aplica | L2: CD Soyapango | M2: LA CONSTANCIA LTDA. DE C.V.
A3: DS00 | B3: 5 | C3: 2026 | D3: LC 1 /PAE 1 | E3: ILC00 | F3: 2 | G3: DS0002 | H3: GC | J3: Activada | K3: No Aplica | L3: CD Soyapango | M3: LA CONSTANCIA LTDA. DE C.V.
A4: DS00 | B4: 5 | C4: 2026 | D4: Contratista | E4: W00202 | F4: 3 | G4: DS0003 | H4: GC | J4: Activada | K4: No Aplica | L4: CD Soyapango | M4: FLAVIO ANTONIO LAGUAN MARTINEZ
A5: DS00 | B5: 5 | C5: 2026 | D5: Contratista | E5: W00153 | F5: 3 | G5: DS0004 | H5: GC | J5: Activada | K5: No Aplica | L5: CD Soyapango | M5: SERGIO ANTONIO GARCIA CORNEJO
A6: DS00 | B6: 5 | C6: 2026 | D6: Contratista | E6: W00190 | F6: 2 | G6: DS0006 | H6: GC | J6: Activada | K6: No Aplica | L6: CD Soyapango | M6: PEDRO VASQUEZ MARTINEZ
A7: DS00 | B7: 5 | C7: 2026 | D7: Contratista | E7: W00058 | F7: 2 | G7: DS0007 | H7: GC | J7: Activada | K7: No Aplica | L7: CD Soyapango | M7: VELARMINO MEJIA GARCIA
A8: DS00 | B8: 5 | C8: 2026 | D8: Contratista | E8: W00153 | F8: 3 | G8: DS0008 | H8: GC | J8: Activada | K8: No Aplica | L8: CD Soyapango | M8: SERGIO ANTONIO GARCIA CORNEJO
A9: DS00 | B9: 5 | C9: 2026 | D9: Contratista | E9: W00058 | F9: 2 | G9: DS0009 | H9: GC | J9: Activada | K9: No Aplica | L9: CD Soyapango | M9: VELARMINO MEJIA GARCIA
A10: DS00 | B10: 5 | C10: 2026 | D10: PAE | E10: W00205 | F10: 3 | G10: DS000H | H10: AJ | J10: Activada | K10: No Aplica | L10: CD Soyapango | M10: PAE EL SALVADOR, LTDA. DE C.V.
A11: DS00 | B11: 5 | C11: 2026 | D11: Contratista | E11: W00056 | F11: 2 | G11: DS0011 | H11: GC | J11: Activada | K11: No Aplica | L11: CD Soyapango | M11: JUAN CARLOS FLORES GARCIA
A12: DS00 | B12: 5 | C12: 2026 | D12: Contratista | E12: W00058 | F12: 3 | G12: DS0012 | H12: GC | J12: Activada | K12: No Aplica | L12: CD Soyapango | M12: VELARMINO MEJIA GARCIA
A13: DS00 | B13: 5 | C13: 2026 | D13: Contratista | E13: W00202 | F13: 3 | G13: DS0083 | H13: GC | J13: Activada | K13: No Aplica | L13: CD Soyapango | M13: FLAVIO ANTONIO LAGUAN MARTINEZ
... A101: DS00 | B101: 5 | C101: 2026 | D101: Contratista | E101: W00153 | F101: 3 | G101: DS0015 | H101: GC | J101: Activada | K101: No Aplica | L101: CD Soyapango | M101: SERGIO ANTONIO GARCIA CORNEJO

Sheet RUTAS X SUP
A1: ID Loc | B1: Mes dimensionado | C1: AÑO | D1: Cantidad de personas en ruta | E1: Código ruta | F1: Transportista | G1: SUP | J1: 53 | K1: 30 | L1: 29
A2: DS00 | B2: 5 | C2: 2026 | D2: 2 | E2: DS0001 | F2: LA CONSTANCIA LTDA. DE C.V. | G2: =_xlfn.XLOOKUP(E2,Hoja3!A:A,Hoja3!E:E) -> JUAN CARLOS RAMIREZ SIBRIAN
A3: DS00 | B3: 5 | C3: 2026 | D3: 2 | E3: DS0002 | F3: LA CONSTANCIA LTDA. DE C.V. | G3: =_xlfn.XLOOKUP(E3,Hoja3!A:A,Hoja3!E:E) -> JUAN CARLOS RAMIREZ SIBRIAN
A4: DS00 | B4: 5 | C4: 2026 | D4: 3 | E4: DS0003 | F4: FLAVIO ANTONIO LAGUAN MARTINEZ | G4: =_xlfn.XLOOKUP(E4,Hoja3!A:A,Hoja3!E:E) -> KASSANDRA GUADALUPE HERNANDEZ
A5: DS00 | B5: 5 | C5: 2026 | D5: 3 | E5: DS0004 | F5: SERGIO ANTONIO GARCIA CORNEJO | G5: =_xlfn.XLOOKUP(E5,Hoja3!A:A,Hoja3!E:E) -> JUAN CARLOS RAMIREZ SIBRIAN
A6: DS00 | B6: 5 | C6: 2026 | D6: 2 | E6: DS0006 | F6: PEDRO VASQUEZ MARTINEZ | G6: =_xlfn.XLOOKUP(E6,Hoja3!A:A,Hoja3!E:E) -> ELMER NEFTALI FIGUEROA
A7: DS00 | B7: 5 | C7: 2026 | D7: 2 | E7: DS0007 | F7: VELARMINO MEJIA GARCIA | G7: =_xlfn.XLOOKUP(E7,Hoja3!A:A,Hoja3!E:E) -> BRYAN ADONIS GALDÁMEZ SALAZAR
A8: DS00 | B8: 5 | C8: 2026 | D8: 3 | E8: DS0008 | F8: SERGIO ANTONIO GARCIA CORNEJO | G8: =_xlfn.XLOOKUP(E8,Hoja3!A:A,Hoja3!E:E) -> JUAN CARLOS RAMIREZ SIBRIAN
A9: DS00 | B9: 5 | C9: 2026 | D9: 2 | E9: DS0009 | F9: VELARMINO MEJIA GARCIA | G9: =_xlfn.XLOOKUP(E9,Hoja3!A:A,Hoja3!E:E) -> BRYAN ADONIS GALDÁMEZ SALAZAR
A10: DS00 | B10: 5 | C10: 2026 | D10: 3 | E10: DS000H | F10: PAE EL SALVADOR, LTDA. DE C.V. | G10: =_xlfn.XLOOKUP(E10,Hoja3!A:A,Hoja3!E:E) -> JOSE ALEXANDER GARCIA SAÑA
A11: DS00 | B11: 5 | C11: 2026 | D11: 2 | E11: DS0011 | F11: JUAN CARLOS FLORES GARCIA | G11: =_xlfn.XLOOKUP(E11,Hoja3!A:A,Hoja3!E:E) -> BRYAN ADONIS GALDÁMEZ SALAZAR
A12: DS00 | B12: 5 | C12: 2026 | D12: 3 | E12: DS0012 | F12: VELARMINO MEJIA GARCIA | G12: =_xlfn.XLOOKUP(E12,Hoja3!A:A,Hoja3!E:E) -> BRYAN ADONIS GALDÁMEZ SALAZAR
A13: DS00 | B13: 5 | C13: 2026 | D13: 3 | E13: DS0083 | F13: FLAVIO ANTONIO LAGUAN MARTINEZ | G13: =_xlfn.XLOOKUP(E13,Hoja3!A:A,Hoja3!E:E) -> KASSANDRA GUADALUPE HERNANDEZ
... A78: DS00 | B78: 5 | C78: 2026 | D78: 3 | E78: DS00CH | F78: PAE EL SALVADOR, LTDA. DE C.V. | G78: =_xlfn.XLOOKUP(E78,Hoja3!A:A,Hoja3!E:E) -> JOSE ALEXANDER GARCIA SAÑA
A79: DS00 | B79: 5 | C79: 2026 | D79: 3 | E79: DS00DD | F79: VELARMINO MEJIA GARCIA | G79: =_xlfn.XLOOKUP(E79,Hoja3!A:A,Hoja3!E:E) -> ELMER NEFTALI FIGUEROA | I79: no tiene
A80: DS00 | B80: 5 | C80: 2026 | D80: 1 | E80: DS00DM | F80: SERGIO ANTONIO GARCIA CORNEJO | G80: =_xlfn.XLOOKUP(E80,Hoja3!A:A,Hoja3!E:E) -> JUAN CARLOS RAMIREZ SIBRIAN
A81: DS00 | B81: 5 | C81: 2026 | D81: 3 | E81: DS00DV | F81: SERGIO ANTONIO GARCIA CORNEJO | G81: =_xlfn.XLOOKUP(E81,Hoja3!A:A,Hoja3!E:E) -> JUAN CARLOS RAMIREZ SIBRIAN
A82: DS00 | B82: 5 | C82: 2026 | D82: 3 | E82: DS00EH | F82: PAE EL SALVADOR, LTDA. DE C.V. | G82: =_xlfn.XLOOKUP(E82,Hoja3!A:A,Hoja3!E:E) -> JOSE ALEXANDER GARCIA SAÑA
A83: DS00 | B83: 5 | C83: 2026 | D83: 3 | E83: DS00FH | F83: PAE EL SALVADOR, LTDA. DE C.V. | G83: =_xlfn.XLOOKUP(E83,Hoja3!A:A,Hoja3!E:E) -> JOSE ALEXANDER GARCIA SAÑA
A84: DS00 | B84: 5 | C84: 2026 | D84: 3 | E84: DS00GH | F84: PAE EL SALVADOR, LTDA. DE C.V. | G84: =_xlfn.XLOOKUP(E84,Hoja3!A:A,Hoja3!E:E) -> JOSE ALEXANDER GARCIA SAÑA
A85: DS00 | B85: 5 | C85: 2026 | D85: 3 | E85: DS00H0 | F85: PAE EL SALVADOR, LTDA. DE C.V. | G85: =_xlfn.XLOOKUP(E85,Hoja3!A:A,Hoja3!E:E) -> JOSE ALEXANDER GARCIA SAÑA
A86: DS00 | B86: 5 | C86: 2026 | D86: 3 | E86: DS00H4 | F86: PAE EL SALVADOR, LTDA. DE C.V. | G86: =_xlfn.XLOOKUP(E86,Hoja3!A:A,Hoja3!E:E) -> JOSE ALEXANDER GARCIA SAÑA
A87: DS00 | B87: 5 | C87: 2026 | D87: 3 | E87: DS00H7 | F87: PAE EL SALVADOR, LTDA. DE C.V. | G87: =_xlfn.XLOOKUP(E87,Hoja3!A:A,Hoja3!E:E) -> JOSE ALEXANDER GARCIA SAÑA
A88: DS00 | B88: 5 | C88: 2026 | D88: 1 | E88: DS00T6 | F88: CARLOS ANTONIO MARROQUIN SANCHEZ | G88: =_xlfn.XLOOKUP(E88,Hoja3!A:A,Hoja3!E:E) -> KASSANDRA GUADALUPE HERNANDEZ
A89: DS00 | B89: 5 | C89: 2026 | D89: 1 | E89: DS00T7 | F89: FLAVIO ANTONIO LAGUAN MARTINEZ | G89: =_xlfn.XLOOKUP(E89,Hoja3!A:A,Hoja3!E:E) -> ELMER NEFTALI FIGUEROA
A90: DS00 | B90: 5 | C90: 2026 | D90: 1 | E90: DS00U2 | F90: VELARMINO MEJIA GARCIA | G90: =_xlfn.XLOOKUP(E90,Hoja3!A:A,Hoja3!E:E) -> BRYAN ADONIS GALDÁMEZ SALAZAR
A91: DS00 | B91: 5 | C91: 2026 | D91: 3 | E91: DS00U7 | F91: SERGIO ANTONIO GARCIA CORNEJO | G91: =_xlfn.XLOOKUP(E91,Hoja3!A:A,Hoja3!E:E) -> JUAN CARLOS RAMIREZ SIBRIAN
... A97: DS00 | B97: 5 | C97: 2026 | D97: 2 | E97: DS0036 | F97: FLAVIO ANTONIO LAGUAN MARTINEZ | G97: =_xlfn.XLOOKUP(E97,Hoja3!A:A,Hoja3!E:E) -> KASSANDRA GUADALUPE HERNANDEZ
A98: DS00 | B98: 5 | C98: 2026 | D98: 3 | E98: DS0013 | F98: FLAVIO ANTONIO LAGUAN MARTINEZ | G98: =_xlfn.XLOOKUP(E98,Hoja3!A:A,Hoja3!E:E) -> ELMER NEFTALI FIGUEROA | I98: no tiene
A99: DS00 | B99: 5 | C99: 2026 | D99: 3 | E99: DS0047 | F99: SERGIO ANTONIO GARCIA CORNEJO | G99: =_xlfn.XLOOKUP(E99,Hoja3!A:A,Hoja3!E:E) -> ELMER NEFTALI FIGUEROA | I99: no tiene
A100: DS00 | B100: 5 | C100: 2026 | D100: 3 | E100: DS0057 | F100: SERGIO ANTONIO GARCIA CORNEJO | G100: =_xlfn.XLOOKUP(E100,Hoja3!A:A,Hoja3!E:E) -> ELMER NEFTALI FIGUEROA
A101: DS00 | B101: 5 | C101: 2026 | D101: 3 | E101: DS0015 | F101: SERGIO ANTONIO GARCIA CORNEJO | G101: =_xlfn.XLOOKUP(E101,Hoja3!A:A,Hoja3!E:E) -> ELMER NEFTALI FIGUEROA | I101: no tiene

Sheet Hoja3
A1: RUTA | B1: CONTRATISTA | C1: ESTATUS | D1: CANAL | E1: SUPERVISOR
A2: DS0001 | B2: ILC | C2: FIJA | D2: G&C | E2: JUAN CARLOS RAMIREZ SIBRIAN
A3: DS0002 | B3: ILC | C3: VACACIONES | D3: G&C | E3: JUAN CARLOS RAMIREZ SIBRIAN
A4: DS0003 | B4: FLAVIO ANTONIO LAGUAN MARTINEZ | C4: FIJA | D4: G&C | E4: KASSANDRA GUADALUPE HERNANDEZ
A5: DS0004 | B5: SERGIO ANTONIO GARCIA CORNEJO | C5: FIJA | D5: G&C | E5: JUAN CARLOS RAMIREZ SIBRIAN
A6: DS0005 | B6: JUAN ANTONIO FERNANDEZ ALVARADO | C6: DUMMY | D6: G&C | E6: COORDINACION
A7: DS0006 | B7: PEDRO VASQUEZ MARTINEZ | C7: FIJA | D7: G&C | E7: ELMER NEFTALI FIGUEROA
A8: DS0007 | B8: VELARMINO MEJIA GARCIA | C8: FIJA | D8: G&C | E8: BRYAN ADONIS GALDÁMEZ SALAZAR
A9: DS0008 | B9: SERGIO ANTONIO GARCIA CORNEJO | C9: FIJA | D9: G&C | E9: JUAN CARLOS RAMIREZ SIBRIAN
A10: DS0009 | B10: VELARMINO MEJIA GARCIA | C10: FIJA | D10: G&C | E10: BRYAN ADONIS GALDÁMEZ SALAZAR
A11: DS0010 | B11: ALEX RODAS | C11: DESACTIVADA | D11: G&C | E11: COORDINACION
A12: DS0011 | B12: JUAN CARLOS FLORES GARCIA | C12: FIJA | D12: G&C | E12: BRYAN ADONIS GALDÁMEZ SALAZAR
... A198: DS00H8 | B198: HOD | C198: DUMMY | D198: HOD | E198: JOSE ALEXANDER GARCIA SAÑA

Sheet Rutas desactivadas
A1: Rutas desactivadas | B1: Estatus | C1: Tripulación | D1: Comentario | E1: MAVI | F1: LUJU | G1: MISA
A2: DS0013 | B2: Desactivada | C2: 3 | D2: Asignar a ruta DS00D9 | E2: DS00D9 | F2: DS00D9 | G2: DS0031 / DS00D9
A3: DS0017 | B3: Desactivada | C3: 3 | D3: Sin territorio | E3: Sin territorio | F3: Sin territorio | G3: Sin territorio
A4: DS0030 | B4: Desactivada | C4: 3 | D4: Asignar a ruta DS00B3 | E4: DS00B3 | F4: DS00B3 | G4: DS00B3
A5: DS0036 | B5: Desactivada | C5: 2 | D5: 1. Rutas aledañas deberan adsorber el volumen de territorios | E5: DS0019 / DS0009 | G5: DS0027
A6: DS0051 | B6: Desactivada | C6: 3 | D6: 1. Rutas aledañas deberan adsorber el volumen de territorios | E6: DS0007 / DS0006
A7: DS0080 | B7: Desactivada | C7: 2 | D7: 1. Rutas aledañas deberan adsorber el volumen de territorios | F7: DS0082
A8: DS0098 | B8: Desactivada | C8: 3 | D8: 1. planificar a 7.5 Toneladas | E8: DS00U7 | F8: DS00U7 | G8: DS00U7
A9: DS00B8 | B9: Desactivada | C9: 3 | D9: 1. Rutas aledañas deberan adsorber el volumen de territorios | E9: DS0066 | F9: DS0038 / DS0011 / DS0087 | G9: DS0035 / DS0020
D10: 2. Vans DS00T6 adsorbe clientes de zona de los almendros
A11: DS00DC | B11: Desactivada | C11: 3 | D11: Sin territorio
A12: DS00DE | B12: Desactivada | C12: 3 | D12: Sin territorio
A13: DS00DG | B13: Desactivada | C13: 3 | D13: 1. Rutas aledañas deberan adsorber el volumen de territorios
A14: DS0012 | B14: Cambio | C14: 3 | D14: Asignar a ruta DS00D4 A 7.5 Toneladas | E14: DS00D4 | F14: DS00D4 | G14: DS00D4
A15: DS00DW | B15: Desactivada | C15: 3 | D15: Sin territorio
A16: DS00U5 | B16: Desactivada | C16: 3 | D16: Sin territorio
A17: DS0015 | B17: Desactivada | C17: 3 | E17: DS00DV | F17: DS00DV | G17: DS00DV
A18: DS0002 | B18: Vacaciones | C18: 2
A19: DS0014 | B19: Vacaciones | C19: 3
A20: DS0032 | B20: Vacaciones | C20: 2
A21: DS0068 | B21: Vacaciones | C21: 2
A22: DS00DK | B22: Cambio | C22: 3 | D22: Cambio de territorio con la ruta DS0012 | E22: DS0012 | F22: DS0012 | G22: DS0012
